{
    "accuracy": 0.36065573770491804,
    "macro_f1": 0.35569266466276434
}