{
    "accuracy": 0.3442622950819672,
    "macro_f1": 0.33054063962390284
}